equipment_unit_id,equipment_id,serial_number,purchase_date,last_maintenance,condition
1,1,SE-001-000001,2022-05-19,2025-09-18,good
2,1,SE-001-000002,2017-06-21,2025-07-05,poor
3,1,SE-001-000003,2019-02-17,2026-04-07,good
4,1,SE-001-000004,2016-06-09,2025-09-21,good
5,1,SE-001-000005,2023-08-02,2025-06-19,good
6,1,SE-001-000006,2019-07-09,2025-10-06,poor
7,1,SE-001-000007,2017-03-23,2026-05-10,good
8,1,SE-001-000008,2016-01-13,2025-06-28,poor
9,1,SE-001-000009,2019-07-16,2026-04-09,fair
10,1,SE-001-000010,2017-03-17,2025-08-27,poor
11,1,SE-001-000011,2021-10-03,2026-01-03,good
12,1,SE-001-000012,2020-06-03,2025-06-20,good
13,1,SE-001-000013,2015-12-04,2026-05-21,poor
14,1,SE-001-000014,2018-10-13,2025-06-23,fair
15,1,SE-001-000015,2018-06-26,2025-07-13,fair
16,1,SE-001-000016,2019-02-22,2025-10-09,fair
17,1,SE-001-000017,2020-08-30,2025-09-12,poor
18,1,SE-001-000018,2017-02-27,2025-12-20,fair
19,1,SE-001-000019,2016-05-08,2026-05-07,good
20,1,SE-001-000020,2025-01-18,2025-08-16,good
21,1,SE-001-000021,2018-01-14,2025-11-19,good
22,1,SE-001-000022,2019-04-06,2025-08-04,good
23,1,SE-001-000023,2016-11-26,2025-07-12,good
24,1,SE-001-000024,2019-05-09,2026-04-15,good
25,1,SE-001-000025,2022-04-03,2025-08-03,good
26,1,SE-001-000026,2016-08-27,2025-12-20,good
27,1,SE-001-000027,2025-04-24,2026-05-13,good
28,1,SE-001-000028,2016-04-17,2025-07-13,fair
29,1,SE-001-000029,2019-04-24,2026-05-14,poor
30,1,SE-001-000030,2016-09-24,2025-08-08,fair
31,1,SE-001-000031,2016-01-25,2026-05-21,good
32,1,SE-001-000032,2018-08-15,2026-02-10,fair
33,1,SE-001-000033,2022-01-12,2025-12-11,poor
34,1,SE-001-000034,2016-11-29,2025-09-19,good
35,1,SE-001-000035,2017-07-07,2025-12-25,fair
36,1,SE-001-000036,2017-04-06,2025-10-05,good
37,1,SE-001-000037,2016-11-09,2026-01-14,fair
38,1,SE-001-000038,2019-02-15,2026-05-02,fair
39,1,SE-001-000039,2017-10-30,2025-10-04,good
40,1,SE-001-000040,2022-01-24,2026-03-01,good
41,1,SE-001-000041,2021-01-17,2025-11-14,good
42,1,SE-001-000042,2022-12-13,2025-12-28,fair
43,1,SE-001-000043,2018-09-10,2026-03-26,good
44,1,SE-001-000044,2021-02-15,2026-04-13,fair
45,1,SE-001-000045,2017-12-13,2025-09-01,good
46,1,SE-001-000046,2019-10-20,2026-02-08,good
47,1,SE-001-000047,2018-10-28,2025-08-21,good
48,1,SE-001-000048,2017-03-24,2026-02-22,fair
49,1,SE-001-000049,2015-12-23,2026-04-06,good
50,1,SE-001-000050,2019-09-26,2025-12-27,good
51,2,SE-002-000051,2018-12-01,2026-03-23,good
52,2,SE-002-000052,2018-09-01,2026-02-12,fair
53,2,SE-002-000053,2017-10-07,2026-04-02,poor
54,2,SE-002-000054,2017-08-31,2025-07-06,good
55,2,SE-002-000055,2021-01-02,2025-06-17,good
56,2,SE-002-000056,2015-12-13,2025-08-31,good
57,2,SE-002-000057,2018-12-11,2025-09-05,fair
58,2,SE-002-000058,2017-09-29,2025-12-02,fair
59,2,SE-002-000059,2023-11-13,2026-01-02,good
60,2,SE-002-000060,2022-02-14,2025-07-15,good
61,2,SE-002-000061,2024-06-24,2025-09-05,good
62,2,SE-002-000062,2018-04-09,2026-01-03,poor
63,2,SE-002-000063,2017-04-29,2026-02-12,good
64,2,SE-002-000064,2025-06-02,2025-09-27,good
65,2,SE-002-000065,2016-02-25,2026-05-10,good
66,2,SE-002-000066,2024-07-14,2026-04-01,fair
67,2,SE-002-000067,2016-06-23,2025-09-19,fair
68,2,SE-002-000068,2020-11-05,2025-12-02,fair
69,2,SE-002-000069,2019-02-04,2025-08-12,poor
70,2,SE-002-000070,2016-01-10,2026-04-11,poor
71,2,SE-002-000071,2024-01-18,2026-03-27,good
72,2,SE-002-000072,2018-06-22,2025-08-04,good
73,2,SE-002-000073,2018-08-04,2025-06-26,poor
74,2,SE-002-000074,2019-07-01,2026-02-13,good
75,2,SE-002-000075,2019-11-03,2026-01-18,good
76,2,SE-002-000076,2016-10-24,2026-03-04,good
77,2,SE-002-000077,2019-06-28,2025-11-03,fair
78,2,SE-002-000078,2018-10-22,2025-10-21,poor
79,2,SE-002-000079,2017-02-06,2025-07-07,good
80,2,SE-002-000080,2021-07-13,2025-07-22,fair
81,2,SE-002-000081,2016-05-24,2026-05-05,good
82,2,SE-002-000082,2018-09-05,2026-05-01,good
83,2,SE-002-000083,2019-06-17,2026-01-23,fair
84,2,SE-002-000084,2023-09-17,2025-09-12,good
85,2,SE-002-000085,2024-03-19,2025-08-16,good
86,2,SE-002-000086,2019-01-08,2026-02-24,good
87,2,SE-002-000087,2025-02-17,2026-01-09,fair
88,2,SE-002-000088,2018-01-03,2026-03-25,good
89,2,SE-002-000089,2017-05-06,2025-12-30,fair
90,2,SE-002-000090,2022-10-11,2025-06-19,good
91,2,SE-002-000091,2019-11-02,2026-02-25,good
92,2,SE-002-000092,2019-06-18,2026-03-30,good
93,2,SE-002-000093,2021-11-15,2025-12-04,fair
94,2,SE-002-000094,2019-10-12,2025-12-26,poor
95,2,SE-002-000095,2016-10-28,2025-12-15,good
96,2,SE-002-000096,2018-02-21,2026-03-01,poor
97,2,SE-002-000097,2019-01-20,2025-12-26,fair
98,2,SE-002-000098,2016-02-05,2026-05-01,fair
99,2,SE-002-000099,2017-02-24,2025-11-30,fair
100,2,SE-002-000100,2020-11-27,2025-06-29,poor
101,2,SE-002-000101,2021-06-08,2026-03-02,good
102,2,SE-002-000102,2016-05-18,2026-01-27,good
103,3,SE-003-000103,2025-03-16,2025-09-07,good
104,3,SE-003-000104,2022-12-04,2025-12-24,good
105,3,SE-003-000105,2016-09-26,2025-08-06,fair
106,3,SE-003-000106,2016-10-12,2025-09-26,good
107,3,SE-003-000107,2020-12-06,2025-09-06,good
108,3,SE-003-000108,2019-03-31,2025-07-28,poor
109,3,SE-003-000109,2019-11-09,2026-04-27,fair
110,3,SE-003-000110,2018-03-20,2025-12-25,good
111,3,SE-003-000111,2023-03-02,2025-08-04,fair
112,3,SE-003-000112,2018-09-16,2025-11-02,good
113,3,SE-003-000113,2018-06-06,2025-10-07,good
114,3,SE-003-000114,2016-05-24,2026-03-13,fair
115,3,SE-003-000115,2016-04-12,2025-11-26,good
116,3,SE-003-000116,2019-03-09,2026-01-30,fair
117,3,SE-003-000117,2021-02-08,2026-05-03,good
118,3,SE-003-000118,2017-09-25,2025-10-14,good
119,3,SE-003-000119,2016-01-21,2025-10-14,fair
120,3,SE-003-000120,2024-03-27,2025-08-21,good
121,3,SE-003-000121,2023-07-31,2025-09-15,fair
122,3,SE-003-000122,2019-10-25,2025-12-06,poor
123,3,SE-003-000123,2022-05-03,2026-04-15,good
124,3,SE-003-000124,2015-12-05,2026-02-21,poor
125,3,SE-003-000125,2016-10-03,2026-03-30,fair
126,3,SE-003-000126,2017-02-17,2025-06-23,good
127,3,SE-003-000127,2018-07-21,2025-07-12,good
128,3,SE-003-000128,2020-04-21,2026-01-20,good
129,3,SE-003-000129,2020-11-03,2026-03-19,good
130,3,SE-003-000130,2017-12-20,2025-07-08,good
131,3,SE-003-000131,2024-09-23,2026-02-21,fair
132,3,SE-003-000132,2021-10-28,2025-06-19,good
133,3,SE-003-000133,2019-10-10,2025-11-18,fair
134,3,SE-003-000134,2017-04-12,2025-10-04,poor
135,3,SE-003-000135,2016-04-08,2025-10-19,fair
136,3,SE-003-000136,2016-08-06,2025-12-24,good
137,3,SE-003-000137,2016-10-11,2025-11-14,fair
138,3,SE-003-000138,2022-06-21,2026-03-25,good
139,3,SE-003-000139,2017-02-28,2025-10-06,fair
140,3,SE-003-000140,2019-06-14,2025-07-18,fair
141,3,SE-003-000141,2016-02-29,2026-01-30,good
142,3,SE-003-000142,2018-10-12,2025-08-15,good
143,3,SE-003-000143,2017-01-04,2026-05-10,fair
144,3,SE-003-000144,2025-03-18,2025-08-06,fair
145,3,SE-003-000145,2016-02-13,2026-05-07,good
146,4,SE-004-000146,2015-11-23,2026-01-09,fair
147,4,SE-004-000147,2017-05-08,2025-11-12,good
148,4,SE-004-000148,2020-07-01,2025-06-19,fair
149,4,SE-004-000149,2024-10-09,2025-07-26,poor
150,4,SE-004-000150,2018-07-24,2026-03-17,fair
151,4,SE-004-000151,2017-02-25,2026-03-25,fair
152,4,SE-004-000152,2020-02-15,2025-08-14,good
153,4,SE-004-000153,2021-09-06,2025-08-13,fair
154,4,SE-004-000154,2018-05-23,2025-08-03,poor
155,4,SE-004-000155,2016-11-30,2026-02-18,fair
156,4,SE-004-000156,2019-03-02,2025-12-04,good
157,4,SE-004-000157,2017-01-07,2025-11-24,fair
158,4,SE-004-000158,2016-07-07,2026-03-11,fair
159,4,SE-004-000159,2021-04-02,2025-11-04,poor
160,4,SE-004-000160,2023-09-23,2025-07-23,good
161,4,SE-004-000161,2021-11-09,2026-03-04,fair
162,4,SE-004-000162,2021-11-21,2025-10-30,good
163,4,SE-004-000163,2019-08-25,2025-08-27,poor
164,4,SE-004-000164,2021-10-21,2026-02-06,poor
165,4,SE-004-000165,2022-09-11,2025-07-11,fair
166,4,SE-004-000166,2017-10-07,2025-07-05,fair
167,4,SE-004-000167,2016-02-02,2026-02-13,good
168,4,SE-004-000168,2016-05-05,2025-06-25,good
169,4,SE-004-000169,2022-04-07,2025-09-22,good
170,4,SE-004-000170,2018-03-31,2026-02-22,poor
171,4,SE-004-000171,2022-03-29,2026-04-14,good
172,4,SE-004-000172,2019-03-14,2025-08-08,good
173,4,SE-004-000173,2020-08-27,2026-02-22,fair
174,4,SE-004-000174,2024-11-24,2025-08-09,good
175,4,SE-004-000175,2023-06-11,2025-09-10,fair
176,4,SE-004-000176,2016-02-23,2025-07-23,good
177,4,SE-004-000177,2018-07-07,2026-01-21,good
178,4,SE-004-000178,2016-11-13,2026-04-24,fair
179,4,SE-004-000179,2016-11-18,2026-03-14,good
180,4,SE-004-000180,2021-01-22,2026-04-14,fair
181,4,SE-004-000181,2020-07-04,2026-02-02,fair
182,4,SE-004-000182,2025-04-01,2025-10-12,good
183,4,SE-004-000183,2018-08-04,2026-04-17,poor
184,4,SE-004-000184,2024-04-08,2025-08-14,poor
185,4,SE-004-000185,2016-09-02,2026-02-23,good
186,4,SE-004-000186,2023-10-17,2025-12-21,good
187,4,SE-004-000187,2016-11-10,2025-08-27,good
188,4,SE-004-000188,2025-03-04,2025-12-18,good
189,4,SE-004-000189,2025-04-17,2026-05-17,good
190,4,SE-004-000190,2016-10-30,2026-05-03,poor
191,4,SE-004-000191,2015-12-14,2025-12-01,good
192,4,SE-004-000192,2018-04-02,2026-01-26,good
193,4,SE-004-000193,2018-12-26,2026-04-17,fair
194,4,SE-004-000194,2017-02-12,2025-07-07,good
195,4,SE-004-000195,2021-08-09,2025-07-11,good
196,4,SE-004-000196,2018-10-01,2025-08-14,good
197,4,SE-004-000197,2016-05-09,2025-07-24,fair
198,4,SE-004-000198,2020-07-01,2025-09-01,good
199,5,SE-005-000199,2017-08-22,2026-02-03,fair
200,5,SE-005-000200,2023-01-23,2026-05-24,good
201,5,SE-005-000201,2018-01-21,2025-10-30,poor
202,5,SE-005-000202,2018-01-18,2026-03-24,poor
203,5,SE-005-000203,2023-06-17,2025-09-24,fair
204,5,SE-005-000204,2017-01-20,2025-07-28,good
205,5,SE-005-000205,2018-01-02,2025-10-15,good
206,5,SE-005-000206,2016-12-23,2026-01-11,good
207,5,SE-005-000207,2022-12-19,2025-09-01,good
208,5,SE-005-000208,2022-02-23,2025-07-30,good
209,5,SE-005-000209,2021-11-20,2026-02-15,fair
210,5,SE-005-000210,2015-12-26,2026-01-16,good
211,5,SE-005-000211,2019-07-16,2026-02-23,poor
212,5,SE-005-000212,2021-01-27,2025-08-16,good
213,5,SE-005-000213,2022-07-15,2025-11-25,fair
214,5,SE-005-000214,2019-06-11,2025-12-08,good
215,5,SE-005-000215,2017-11-17,2025-07-29,poor
216,5,SE-005-000216,2017-03-15,2025-06-21,fair
217,5,SE-005-000217,2016-07-04,2025-11-11,good
218,5,SE-005-000218,2018-03-14,2025-07-01,good
219,5,SE-005-000219,2021-09-17,2026-04-18,poor
220,5,SE-005-000220,2018-08-13,2025-06-27,good
221,5,SE-005-000221,2019-08-01,2026-02-25,good
222,5,SE-005-000222,2017-12-20,2026-05-22,fair
223,5,SE-005-000223,2021-12-03,2025-11-14,good
224,5,SE-005-000224,2019-08-10,2025-10-23,good
225,5,SE-005-000225,2018-08-04,2025-12-07,fair
226,5,SE-005-000226,2019-06-28,2025-08-01,fair
227,5,SE-005-000227,2018-10-24,2025-07-14,good
228,5,SE-005-000228,2018-12-22,2025-11-02,poor
229,5,SE-005-000229,2018-12-05,2025-12-07,good
230,5,SE-005-000230,2016-11-11,2026-03-26,good
231,5,SE-005-000231,2025-08-17,2025-08-29,poor
232,5,SE-005-000232,2016-12-23,2026-05-10,fair
233,5,SE-005-000233,2019-01-27,2025-11-25,good
234,5,SE-005-000234,2018-06-09,2026-03-11,fair
235,5,SE-005-000235,2017-10-05,2025-09-02,fair
236,5,SE-005-000236,2023-04-24,2026-03-20,fair
237,5,SE-005-000237,2018-04-20,2026-01-02,poor
238,5,SE-005-000238,2018-03-15,2025-08-16,good
239,5,SE-005-000239,2017-06-26,2025-10-12,fair
240,5,SE-005-000240,2016-01-12,2025-12-25,fair
241,5,SE-005-000241,2019-05-24,2025-11-16,good
242,5,SE-005-000242,2019-04-14,2025-07-12,good
243,5,SE-005-000243,2018-10-06,2026-01-14,good
244,5,SE-005-000244,2017-02-02,2025-12-09,poor
245,5,SE-005-000245,2016-04-01,2026-04-23,poor
246,5,SE-005-000246,2025-11-03,2025-11-27,good
247,5,SE-005-000247,2017-08-27,2025-08-18,good
248,5,SE-005-000248,2016-02-06,2026-03-30,good
249,5,SE-005-000249,2025-04-06,2026-05-24,good
250,5,SE-005-000250,2017-07-11,2026-01-28,good
251,6,SE-006-000251,2023-07-13,2025-12-20,good
252,6,SE-006-000252,2023-01-17,2025-09-09,good
253,6,SE-006-000253,2016-11-20,2025-12-11,good
254,6,SE-006-000254,2019-06-23,2025-07-17,good
255,6,SE-006-000255,2016-10-30,2025-12-01,poor
256,6,SE-006-000256,2022-05-31,2026-04-01,fair
257,6,SE-006-000257,2017-03-02,2025-12-05,poor
258,6,SE-006-000258,2019-12-01,2025-08-07,poor
259,6,SE-006-000259,2022-06-02,2025-11-17,good
260,6,SE-006-000260,2016-12-06,2025-09-05,good
261,6,SE-006-000261,2017-09-16,2025-08-12,poor
262,6,SE-006-000262,2017-09-30,2025-08-05,good
263,6,SE-006-000263,2018-01-04,2026-03-26,fair
264,6,SE-006-000264,2018-06-20,2025-08-13,good
265,6,SE-006-000265,2016-12-15,2025-06-17,good
266,6,SE-006-000266,2018-08-26,2025-06-30,good
267,6,SE-006-000267,2017-09-30,2026-03-06,good
268,6,SE-006-000268,2025-09-19,2026-03-30,poor
269,6,SE-006-000269,2021-05-21,2026-04-07,good
270,6,SE-006-000270,2021-01-05,2025-07-08,poor
271,6,SE-006-000271,2019-09-30,2025-09-01,good
272,6,SE-006-000272,2017-11-14,2026-01-09,fair
273,6,SE-006-000273,2025-02-12,2025-10-04,good
274,6,SE-006-000274,2019-11-01,2025-08-28,good
275,6,SE-006-000275,2017-12-14,2025-06-17,good
276,6,SE-006-000276,2017-10-18,2025-08-21,good
277,6,SE-006-000277,2021-04-20,2025-07-15,good
278,6,SE-006-000278,2017-11-12,2025-08-19,good
279,6,SE-006-000279,2020-06-25,2026-01-02,poor
280,6,SE-006-000280,2024-09-28,2025-10-09,good
281,6,SE-006-000281,2020-09-27,2026-05-07,good
282,6,SE-006-000282,2018-04-07,2026-03-17,good
283,6,SE-006-000283,2023-07-08,2026-05-07,good
284,6,SE-006-000284,2021-06-30,2025-12-10,poor
285,6,SE-006-000285,2017-12-11,2025-12-06,good
286,6,SE-006-000286,2020-03-27,2026-04-02,good
287,6,SE-006-000287,2017-07-25,2025-09-26,good
288,6,SE-006-000288,2019-02-23,2025-10-25,fair
289,6,SE-006-000289,2025-01-16,2025-07-25,fair
290,6,SE-006-000290,2021-06-16,2025-08-27,good
291,6,SE-006-000291,2018-06-28,2025-06-21,good
292,6,SE-006-000292,2020-09-20,2025-09-05,fair
293,6,SE-006-000293,2017-04-26,2025-09-24,poor
294,6,SE-006-000294,2024-11-02,2025-08-12,poor
295,6,SE-006-000295,2019-07-03,2026-02-18,poor
296,6,SE-006-000296,2017-05-13,2026-05-16,good
297,7,SE-007-000297,2022-01-12,2025-11-15,good
298,7,SE-007-000298,2021-06-13,2025-08-18,fair
299,7,SE-007-000299,2019-04-28,2025-11-16,good
300,7,SE-007-000300,2019-11-16,2026-05-26,poor
301,7,SE-007-000301,2022-04-10,2026-01-29,good
302,7,SE-007-000302,2022-07-23,2026-03-16,fair
303,7,SE-007-000303,2022-11-30,2026-03-20,poor
304,7,SE-007-000304,2016-05-09,2026-04-16,poor
305,7,SE-007-000305,2019-10-08,2026-05-21,good
306,7,SE-007-000306,2023-01-11,2025-06-26,poor
307,7,SE-007-000307,2018-06-11,2025-09-18,good
308,7,SE-007-000308,2016-05-01,2025-10-30,good
309,7,SE-007-000309,2016-05-09,2026-03-25,good
310,7,SE-007-000310,2020-07-07,2026-03-29,good
311,7,SE-007-000311,2017-02-16,2026-02-03,good
312,7,SE-007-000312,2021-11-18,2025-07-24,good
313,7,SE-007-000313,2016-04-24,2025-12-15,good
314,7,SE-007-000314,2019-07-04,2025-11-12,good
315,7,SE-007-000315,2018-03-28,2025-11-14,good
316,7,SE-007-000316,2017-09-15,2026-03-21,poor
317,7,SE-007-000317,2016-08-03,2025-12-31,good
318,7,SE-007-000318,2021-01-07,2026-05-12,fair
319,7,SE-007-000319,2019-06-11,2025-10-18,fair
320,7,SE-007-000320,2017-01-02,2026-02-13,poor
321,7,SE-007-000321,2022-08-05,2025-11-03,good
322,7,SE-007-000322,2024-06-05,2026-03-02,fair
323,7,SE-007-000323,2017-01-03,2026-02-03,fair
324,7,SE-007-000324,2025-05-08,2025-12-02,good
325,7,SE-007-000325,2020-06-21,2026-02-22,poor
326,7,SE-007-000326,2020-11-02,2025-08-12,good
327,8,SE-008-000327,2022-06-07,2026-03-12,poor
328,8,SE-008-000328,2016-09-14,2026-01-05,good
329,8,SE-008-000329,2025-11-11,2025-10-08,fair
330,8,SE-008-000330,2018-07-22,2025-09-05,good
331,8,SE-008-000331,2022-06-13,2025-07-05,good
332,8,SE-008-000332,2023-06-24,2026-05-04,fair
333,8,SE-008-000333,2025-04-22,2025-12-15,fair
334,8,SE-008-000334,2025-01-18,2026-03-13,good
335,8,SE-008-000335,2016-08-23,2025-07-31,poor
336,8,SE-008-000336,2019-11-01,2025-09-14,good
337,8,SE-008-000337,2016-10-21,2025-11-01,fair
338,8,SE-008-000338,2024-07-04,2025-08-11,good
339,8,SE-008-000339,2016-04-19,2026-01-28,good
340,8,SE-008-000340,2024-06-19,2026-01-06,fair
341,8,SE-008-000341,2018-03-31,2026-03-11,good
342,8,SE-008-000342,2024-07-11,2026-01-24,fair
343,8,SE-008-000343,2020-12-05,2025-09-12,fair
344,8,SE-008-000344,2017-03-02,2025-07-17,good
345,8,SE-008-000345,2019-02-06,2025-07-30,fair
346,8,SE-008-000346,2016-02-11,2025-09-27,good
347,8,SE-008-000347,2022-08-05,2025-09-19,fair
348,8,SE-008-000348,2019-10-03,2025-07-19,good
349,8,SE-008-000349,2018-08-30,2025-07-22,fair
350,8,SE-008-000350,2018-12-02,2026-01-04,fair
351,8,SE-008-000351,2018-11-16,2025-12-28,poor
352,8,SE-008-000352,2017-05-30,2025-08-10,good
353,8,SE-008-000353,2025-04-07,2026-03-29,good
354,8,SE-008-000354,2016-06-02,2026-03-28,poor
355,9,SE-009-000355,2023-10-04,2026-02-10,good
356,9,SE-009-000356,2023-04-15,2026-03-21,good
357,9,SE-009-000357,2016-03-25,2025-11-02,poor
358,9,SE-009-000358,2025-08-20,2025-08-19,good
359,9,SE-009-000359,2018-06-16,2026-03-19,poor
360,9,SE-009-000360,2022-11-24,2026-01-24,poor
361,9,SE-009-000361,2023-07-20,2025-08-11,good
362,9,SE-009-000362,2015-12-17,2026-02-20,poor
363,9,SE-009-000363,2025-03-09,2025-06-25,poor
364,9,SE-009-000364,2025-02-12,2026-05-13,fair
365,9,SE-009-000365,2022-07-16,2026-05-01,fair
366,9,SE-009-000366,2018-10-05,2025-08-10,good
367,9,SE-009-000367,2017-08-01,2025-08-23,good
368,9,SE-009-000368,2016-12-19,2025-07-21,fair
369,9,SE-009-000369,2016-12-19,2025-08-24,fair
370,9,SE-009-000370,2016-12-08,2025-11-30,fair
371,9,SE-009-000371,2015-12-15,2026-02-08,good
372,9,SE-009-000372,2016-08-19,2025-07-19,fair
373,9,SE-009-000373,2018-03-31,2026-05-11,fair
374,9,SE-009-000374,2025-09-03,2026-04-29,fair
375,9,SE-009-000375,2020-09-27,2025-12-08,good
376,9,SE-009-000376,2019-11-25,2026-02-14,good
377,9,SE-009-000377,2018-08-28,2026-05-16,fair
378,9,SE-009-000378,2019-05-02,2026-02-05,good
379,9,SE-009-000379,2018-02-24,2026-03-25,good
380,9,SE-009-000380,2024-07-07,2026-03-28,fair
381,9,SE-009-000381,2018-09-25,2025-11-18,fair
382,9,SE-009-000382,2017-05-26,2026-02-05,poor
383,9,SE-009-000383,2017-08-23,2025-09-01,fair
384,9,SE-009-000384,2022-01-16,2026-05-09,good
385,9,SE-009-000385,2018-06-29,2025-09-26,fair
386,9,SE-009-000386,2016-05-02,2025-10-29,good
387,10,SE-010-000387,2025-08-24,2026-04-12,fair
388,10,SE-010-000388,2018-03-05,2026-01-22,poor
389,10,SE-010-000389,2019-10-08,2025-11-08,fair
390,10,SE-010-000390,2024-09-05,2026-01-08,good
391,10,SE-010-000391,2017-11-17,2025-09-07,good
392,10,SE-010-000392,2017-07-02,2025-07-03,good
393,10,SE-010-000393,2025-08-17,2025-12-27,good
394,10,SE-010-000394,2016-05-22,2026-02-23,good
395,10,SE-010-000395,2019-05-19,2025-11-16,fair
396,10,SE-010-000396,2017-11-05,2025-06-27,good
397,10,SE-010-000397,2024-10-20,2025-10-14,good
398,10,SE-010-000398,2018-12-21,2025-10-20,good
399,10,SE-010-000399,2016-02-18,2025-10-06,good
400,10,SE-010-000400,2017-12-12,2025-11-10,good
401,10,SE-010-000401,2018-08-11,2025-09-25,good
402,10,SE-010-000402,2016-10-09,2025-06-29,good
403,10,SE-010-000403,2016-01-25,2026-04-04,fair
404,10,SE-010-000404,2023-11-24,2026-02-26,good
405,10,SE-010-000405,2018-08-03,2025-09-13,fair
406,10,SE-010-000406,2023-11-01,2025-06-26,good
407,10,SE-010-000407,2019-11-14,2026-02-18,fair
408,10,SE-010-000408,2025-08-25,2025-08-08,good
409,10,SE-010-000409,2023-01-29,2026-01-11,good
410,10,SE-010-000410,2016-12-21,2026-01-14,poor
411,10,SE-010-000411,2017-09-27,2025-11-21,good
412,10,SE-010-000412,2015-12-12,2025-09-14,fair
413,11,SE-011-000413,2016-04-28,2026-01-21,good
414,11,SE-011-000414,2018-01-05,2025-09-12,poor
415,11,SE-011-000415,2024-08-16,2025-08-17,good
416,11,SE-011-000416,2019-10-29,2025-09-10,good
417,11,SE-011-000417,2020-06-28,2026-03-02,fair
418,11,SE-011-000418,2023-02-04,2025-11-16,good
419,11,SE-011-000419,2017-06-19,2025-06-21,good
420,11,SE-011-000420,2016-09-07,2026-04-01,fair
421,11,SE-011-000421,2019-01-16,2026-03-19,fair
422,11,SE-011-000422,2017-08-15,2025-10-27,fair
423,11,SE-011-000423,2018-11-25,2025-12-13,poor
424,11,SE-011-000424,2022-03-14,2025-08-14,good
425,11,SE-011-000425,2025-10-11,2025-08-08,good
426,11,SE-011-000426,2016-12-01,2026-01-28,good
427,11,SE-011-000427,2018-10-07,2026-02-27,poor
428,11,SE-011-000428,2023-05-27,2025-11-18,fair
429,11,SE-011-000429,2017-04-30,2025-07-26,fair
430,11,SE-011-000430,2017-11-01,2025-07-18,fair
431,11,SE-011-000431,2018-07-26,2025-10-15,fair
432,11,SE-011-000432,2019-08-05,2025-12-15,fair
433,11,SE-011-000433,2017-12-03,2026-03-07,fair
434,11,SE-011-000434,2022-08-18,2025-08-01,good
435,11,SE-011-000435,2018-02-04,2026-05-11,good
436,11,SE-011-000436,2017-03-20,2025-10-02,fair
437,11,SE-011-000437,2025-05-28,2026-03-18,good
438,11,SE-011-000438,2017-03-05,2026-03-22,fair
439,11,SE-011-000439,2022-11-27,2025-09-15,good
440,11,SE-011-000440,2023-10-03,2026-02-20,fair
441,11,SE-011-000441,2021-06-03,2025-07-03,good
442,11,SE-011-000442,2021-07-11,2025-06-22,fair
443,11,SE-011-000443,2016-10-09,2025-09-05,good
444,11,SE-011-000444,2017-06-28,2026-05-23,good
445,11,SE-011-000445,2025-09-19,2026-05-04,fair
446,11,SE-011-000446,2020-05-13,2025-09-27,fair
447,11,SE-011-000447,2022-07-10,2026-05-07,good
448,11,SE-011-000448,2015-12-24,2025-07-23,good
449,11,SE-011-000449,2017-09-15,2026-04-22,good
450,11,SE-011-000450,2016-12-28,2026-04-02,good
451,12,SE-012-000451,2025-01-07,2025-10-21,fair
452,12,SE-012-000452,2016-08-13,2025-12-20,good
453,12,SE-012-000453,2020-08-18,2026-03-28,good
454,12,SE-012-000454,2024-09-21,2026-03-01,good
455,12,SE-012-000455,2017-08-09,2026-02-15,fair
456,12,SE-012-000456,2025-09-10,2026-01-01,fair
457,12,SE-012-000457,2023-01-02,2026-04-06,good
458,12,SE-012-000458,2015-12-30,2025-12-21,fair
459,12,SE-012-000459,2016-09-18,2025-06-25,fair
460,12,SE-012-000460,2019-03-18,2025-11-29,good
461,12,SE-012-000461,2016-10-18,2026-02-17,good
462,12,SE-012-000462,2025-06-10,2026-03-12,good
463,12,SE-012-000463,2018-08-25,2025-11-08,poor
464,12,SE-012-000464,2017-01-31,2025-10-30,good
465,12,SE-012-000465,2016-04-25,2026-05-21,poor
466,12,SE-012-000466,2016-03-27,2026-04-06,poor
467,12,SE-012-000467,2021-03-22,2026-01-31,good
468,12,SE-012-000468,2025-11-06,2025-08-06,fair
469,12,SE-012-000469,2016-10-13,2026-05-24,good
470,12,SE-012-000470,2016-03-29,2026-01-19,fair
471,12,SE-012-000471,2018-02-01,2026-03-13,fair
472,12,SE-012-000472,2017-07-05,2025-07-22,poor
473,12,SE-012-000473,2018-08-19,2025-11-30,good
474,12,SE-012-000474,2021-09-16,2026-03-30,good
475,12,SE-012-000475,2025-08-28,2025-12-05,good
476,12,SE-012-000476,2021-12-24,2025-06-22,poor
477,12,SE-012-000477,2018-01-12,2026-05-07,good
478,12,SE-012-000478,2016-08-11,2026-05-19,fair
479,12,SE-012-000479,2016-02-21,2026-05-26,good
480,12,SE-012-000480,2024-10-24,2026-01-03,good
481,12,SE-012-000481,2016-06-20,2025-09-25,good
482,12,SE-012-000482,2019-04-11,2025-08-24,fair
483,12,SE-012-000483,2019-03-20,2026-04-22,fair
484,12,SE-012-000484,2016-04-17,2026-02-08,fair
485,12,SE-012-000485,2024-08-22,2026-01-28,good
486,13,SE-013-000486,2025-07-16,2025-11-23,good
487,13,SE-013-000487,2016-07-20,2026-03-05,good
488,13,SE-013-000488,2020-03-08,2025-09-08,good
489,13,SE-013-000489,2025-08-27,2026-01-20,fair
490,13,SE-013-000490,2022-11-09,2025-09-02,fair
491,13,SE-013-000491,2022-12-29,2026-05-15,good
492,13,SE-013-000492,2023-05-14,2026-04-07,good
493,13,SE-013-000493,2023-09-25,2026-02-28,good
494,13,SE-013-000494,2019-01-20,2025-10-20,good
495,13,SE-013-000495,2016-01-14,2026-03-26,fair
496,13,SE-013-000496,2025-07-17,2026-05-12,poor
497,13,SE-013-000497,2020-12-28,2026-04-27,poor
498,13,SE-013-000498,2016-05-18,2025-07-16,fair
499,13,SE-013-000499,2019-06-16,2025-10-22,good
500,13,SE-013-000500,2016-02-10,2025-08-03,fair
501,13,SE-013-000501,2019-06-29,2026-05-27,fair
502,13,SE-013-000502,2016-04-06,2026-03-13,fair
503,13,SE-013-000503,2019-04-20,2026-05-02,good
504,13,SE-013-000504,2016-08-28,2025-09-19,good
505,13,SE-013-000505,2019-03-02,2026-01-28,poor
506,13,SE-013-000506,2020-07-30,2026-01-05,good
507,13,SE-013-000507,2016-06-13,2025-08-30,good
508,13,SE-013-000508,2016-04-20,2025-10-29,good
509,13,SE-013-000509,2018-01-24,2025-10-08,good
510,13,SE-013-000510,2020-06-23,2025-12-19,good
511,13,SE-013-000511,2016-02-09,2026-05-16,good
512,13,SE-013-000512,2015-11-26,2026-02-17,good
513,13,SE-013-000513,2018-03-14,2025-12-26,poor
514,13,SE-013-000514,2023-10-25,2026-04-18,poor
515,13,SE-013-000515,2016-12-19,2025-06-21,good
516,13,SE-013-000516,2019-02-25,2025-10-16,good
517,13,SE-013-000517,2020-10-31,2025-12-12,good
518,13,SE-013-000518,2019-06-25,2025-12-12,good
519,13,SE-013-000519,2024-12-16,2025-09-19,fair
520,13,SE-013-000520,2016-08-04,2026-05-07,poor
521,13,SE-013-000521,2017-05-23,2025-12-25,good
522,13,SE-013-000522,2022-10-11,2026-02-23,good
523,13,SE-013-000523,2018-10-01,2025-12-01,fair
524,14,SE-014-000524,2017-11-14,2026-03-10,fair
525,14,SE-014-000525,2024-08-03,2025-12-30,fair
526,14,SE-014-000526,2016-12-31,2026-04-09,good
527,14,SE-014-000527,2018-04-29,2025-08-16,good
528,14,SE-014-000528,2022-02-23,2026-04-21,good
529,14,SE-014-000529,2023-05-15,2026-01-12,good
530,14,SE-014-000530,2020-12-16,2025-06-24,good
531,14,SE-014-000531,2018-03-24,2025-12-18,fair
532,14,SE-014-000532,2025-07-23,2026-01-01,fair
533,14,SE-014-000533,2018-05-08,2026-01-09,good
534,14,SE-014-000534,2018-02-10,2025-08-19,fair
535,14,SE-014-000535,2018-06-03,2026-01-10,poor
536,14,SE-014-000536,2018-02-02,2026-03-19,good
537,14,SE-014-000537,2016-12-07,2026-05-03,good
538,14,SE-014-000538,2016-05-19,2025-09-19,good
539,14,SE-014-000539,2024-04-13,2025-10-18,fair
540,14,SE-014-000540,2019-02-21,2025-07-24,poor
541,14,SE-014-000541,2024-06-17,2025-09-07,good
542,14,SE-014-000542,2018-03-26,2026-03-06,fair
543,14,SE-014-000543,2018-08-04,2025-11-17,poor
544,14,SE-014-000544,2023-12-18,2026-02-27,good
545,14,SE-014-000545,2018-12-12,2025-11-26,good
546,14,SE-014-000546,2017-08-31,2025-09-20,good
547,14,SE-014-000547,2019-11-29,2025-08-12,fair
548,14,SE-014-000548,2021-07-27,2025-06-21,good
549,14,SE-014-000549,2023-03-29,2026-02-08,good
550,14,SE-014-000550,2019-09-03,2026-01-19,poor
551,14,SE-014-000551,2016-01-09,2026-04-29,good
552,14,SE-014-000552,2024-11-04,2026-03-15,good
553,14,SE-014-000553,2021-07-28,2025-12-23,good
554,14,SE-014-000554,2023-12-22,2025-10-21,fair
555,14,SE-014-000555,2016-05-24,2026-01-27,good
556,14,SE-014-000556,2022-02-26,2026-05-05,poor
557,14,SE-014-000557,2021-10-04,2025-10-24,good
558,15,SE-015-000558,2016-02-16,2026-05-01,good
559,15,SE-015-000559,2018-09-11,2025-10-01,good
560,15,SE-015-000560,2016-09-27,2026-05-27,fair
561,15,SE-015-000561,2023-09-02,2026-02-10,poor
562,15,SE-015-000562,2020-01-25,2025-08-16,poor
563,15,SE-015-000563,2019-07-30,2026-04-09,good
564,15,SE-015-000564,2025-10-25,2026-03-10,good
565,15,SE-015-000565,2017-11-03,2025-08-12,good
566,15,SE-015-000566,2017-04-17,2025-12-24,good
567,15,SE-015-000567,2017-04-22,2025-07-21,poor
568,15,SE-015-000568,2025-08-12,2025-10-14,fair
569,15,SE-015-000569,2019-01-16,2025-09-27,poor
570,15,SE-015-000570,2025-02-08,2025-10-10,good
571,15,SE-015-000571,2016-04-01,2025-10-31,fair
572,15,SE-015-000572,2017-04-30,2026-02-12,fair
573,15,SE-015-000573,2018-04-17,2025-07-22,poor
574,15,SE-015-000574,2019-11-30,2025-10-20,good
575,15,SE-015-000575,2017-04-10,2025-09-16,good
576,15,SE-015-000576,2016-12-02,2025-11-30,good
577,15,SE-015-000577,2021-07-17,2025-10-13,good
578,15,SE-015-000578,2019-11-24,2025-08-07,good
579,15,SE-015-000579,2022-05-01,2026-05-15,good
580,15,SE-015-000580,2018-12-22,2026-02-13,good
581,15,SE-015-000581,2019-03-26,2025-07-24,fair
582,15,SE-015-000582,2018-03-19,2026-01-15,good
583,15,SE-015-000583,2024-07-23,2025-10-09,good
584,15,SE-015-000584,2020-01-05,2026-03-25,good
585,15,SE-015-000585,2019-03-24,2026-01-29,fair
586,15,SE-015-000586,2019-10-18,2026-02-18,fair
587,15,SE-015-000587,2022-04-17,2025-12-22,good
588,15,SE-015-000588,2017-12-30,2025-08-18,good
589,15,SE-015-000589,2017-12-17,2025-11-18,fair
590,15,SE-015-000590,2019-10-08,2025-07-08,good
591,15,SE-015-000591,2019-02-05,2026-05-02,good
592,15,SE-015-000592,2016-12-06,2025-12-25,good
593,15,SE-015-000593,2017-05-12,2025-10-19,fair
594,16,SE-016-000594,2019-09-20,2025-08-13,poor
595,16,SE-016-000595,2016-10-21,2025-11-08,good
596,16,SE-016-000596,2024-02-18,2025-08-07,poor
597,16,SE-016-000597,2016-03-13,2025-11-10,fair
598,16,SE-016-000598,2017-08-14,2026-03-04,good
599,16,SE-016-000599,2024-08-30,2025-07-22,good
600,16,SE-016-000600,2019-08-26,2025-11-02,good
601,16,SE-016-000601,2019-09-21,2025-10-03,good
602,16,SE-016-000602,2018-01-25,2025-11-13,poor
603,16,SE-016-000603,2016-01-12,2026-02-17,fair
604,16,SE-016-000604,2025-09-02,2026-01-04,good
605,16,SE-016-000605,2019-01-01,2026-01-05,good
606,16,SE-016-000606,2017-09-14,2025-12-17,poor
607,16,SE-016-000607,2017-09-09,2026-04-10,fair
608,16,SE-016-000608,2017-02-14,2025-09-13,good
609,16,SE-016-000609,2017-05-19,2025-08-29,fair
610,16,SE-016-000610,2016-04-29,2026-03-07,good
611,16,SE-016-000611,2017-07-11,2025-11-11,poor
612,16,SE-016-000612,2022-07-11,2025-07-13,poor
613,16,SE-016-000613,2018-12-05,2025-09-10,good
614,16,SE-016-000614,2017-03-16,2026-01-05,fair
615,16,SE-016-000615,2019-10-28,2025-09-25,fair
616,16,SE-016-000616,2016-05-10,2025-10-15,good
617,16,SE-016-000617,2019-05-04,2025-12-06,fair
618,16,SE-016-000618,2023-11-13,2026-05-28,poor
619,16,SE-016-000619,2017-04-21,2025-12-17,good
620,16,SE-016-000620,2024-03-20,2026-02-23,good
621,16,SE-016-000621,2019-10-05,2026-04-23,good
622,16,SE-016-000622,2018-06-16,2026-05-08,good
623,16,SE-016-000623,2016-08-10,2025-10-28,good
624,17,SE-017-000624,2017-05-06,2025-09-20,good
625,17,SE-017-000625,2018-06-13,2025-07-13,fair
626,17,SE-017-000626,2025-01-08,2026-02-19,good
627,17,SE-017-000627,2017-10-14,2025-12-26,good
628,17,SE-017-000628,2016-12-05,2025-07-22,fair
629,17,SE-017-000629,2021-11-18,2025-10-18,poor
630,17,SE-017-000630,2018-11-20,2026-03-04,fair
631,17,SE-017-000631,2020-06-02,2026-03-01,good
632,17,SE-017-000632,2025-03-09,2026-02-12,fair
633,17,SE-017-000633,2016-03-29,2026-01-17,good
634,17,SE-017-000634,2021-01-17,2026-03-16,poor
635,17,SE-017-000635,2022-12-05,2026-03-31,fair
636,17,SE-017-000636,2022-11-01,2026-01-07,good
637,17,SE-017-000637,2017-05-11,2025-11-01,good
638,17,SE-017-000638,2017-11-07,2026-01-27,fair
639,17,SE-017-000639,2025-09-05,2026-01-11,fair
640,17,SE-017-000640,2019-08-12,2025-09-05,good
641,17,SE-017-000641,2019-08-17,2025-11-11,good
642,17,SE-017-000642,2017-03-23,2025-08-09,good
643,17,SE-017-000643,2019-02-17,2026-03-31,good
644,17,SE-017-000644,2023-11-14,2025-06-26,good
645,17,SE-017-000645,2017-11-28,2025-12-09,good
646,17,SE-017-000646,2016-09-03,2025-12-22,good
647,17,SE-017-000647,2020-01-07,2026-04-27,good
648,17,SE-017-000648,2021-09-12,2025-09-26,fair
649,17,SE-017-000649,2025-07-28,2026-02-10,good
650,17,SE-017-000650,2023-04-15,2026-05-15,good
651,17,SE-017-000651,2017-08-21,2026-01-12,fair
652,17,SE-017-000652,2017-01-16,2025-09-23,fair
653,17,SE-017-000653,2020-08-21,2025-09-26,good
654,17,SE-017-000654,2017-04-14,2026-02-20,fair
655,17,SE-017-000655,2017-08-24,2025-07-20,good
656,17,SE-017-000656,2019-09-14,2025-11-14,good
657,18,SE-018-000657,2022-09-11,2025-12-29,good
658,18,SE-018-000658,2020-07-24,2025-07-12,good
659,18,SE-018-000659,2019-09-25,2025-08-27,fair
660,18,SE-018-000660,2016-05-21,2026-04-22,poor
661,18,SE-018-000661,2020-10-20,2025-09-23,good
662,18,SE-018-000662,2019-08-17,2025-11-16,good
663,18,SE-018-000663,2016-10-04,2025-12-12,good
664,18,SE-018-000664,2017-10-14,2026-03-17,fair
665,18,SE-018-000665,2016-06-19,2026-02-01,good
666,18,SE-018-000666,2017-05-30,2025-11-21,good
667,18,SE-018-000667,2022-07-03,2026-02-08,good
668,18,SE-018-000668,2025-04-28,2026-02-08,good
669,18,SE-018-000669,2016-07-09,2026-01-11,poor
670,18,SE-018-000670,2016-04-06,2026-03-16,fair
671,18,SE-018-000671,2018-02-17,2026-04-04,good
672,18,SE-018-000672,2019-06-06,2026-03-01,good
673,18,SE-018-000673,2022-05-13,2026-04-20,good
674,18,SE-018-000674,2018-11-04,2026-03-11,good
675,18,SE-018-000675,2016-03-30,2025-10-31,poor
676,18,SE-018-000676,2017-09-10,2026-03-30,good
677,18,SE-018-000677,2021-06-17,2026-05-07,good
678,18,SE-018-000678,2018-11-22,2025-09-18,fair
679,18,SE-018-000679,2018-09-20,2025-10-11,good
680,18,SE-018-000680,2022-06-07,2025-12-05,poor
681,18,SE-018-000681,2016-12-20,2025-07-03,fair
682,18,SE-018-000682,2019-07-03,2025-11-27,poor
683,18,SE-018-000683,2017-08-21,2025-08-10,fair
684,18,SE-018-000684,2023-05-02,2026-04-15,good
685,18,SE-018-000685,2025-03-15,2026-04-02,good
686,18,SE-018-000686,2018-11-05,2025-07-30,fair
687,18,SE-018-000687,2018-05-08,2025-07-12,fair
688,18,SE-018-000688,2018-02-17,2026-04-27,good
689,18,SE-018-000689,2020-06-16,2026-02-27,good
690,18,SE-018-000690,2021-06-08,2025-08-18,fair
691,18,SE-018-000691,2017-02-23,2026-05-11,poor
692,18,SE-018-000692,2020-03-13,2026-03-19,fair
693,18,SE-018-000693,2016-07-08,2026-05-10,fair
694,18,SE-018-000694,2018-08-03,2025-07-13,good
695,19,SE-019-000695,2019-07-18,2025-12-18,poor
696,19,SE-019-000696,2017-12-08,2025-12-21,fair
697,19,SE-019-000697,2021-08-05,2026-04-12,good
698,19,SE-019-000698,2019-08-29,2025-11-23,fair
699,19,SE-019-000699,2017-05-18,2025-09-15,fair
700,19,SE-019-000700,2021-11-16,2025-11-24,good
701,19,SE-019-000701,2017-02-19,2025-12-07,good
702,19,SE-019-000702,2019-09-18,2025-09-21,good
703,19,SE-019-000703,2018-11-30,2026-03-10,fair
704,19,SE-019-000704,2025-10-30,2025-09-23,fair
705,19,SE-019-000705,2017-07-10,2025-10-03,good
706,19,SE-019-000706,2017-04-09,2025-12-10,good
707,19,SE-019-000707,2017-11-12,2026-02-09,poor
708,19,SE-019-000708,2023-03-04,2025-06-23,fair
709,19,SE-019-000709,2023-09-07,2026-04-28,good
710,19,SE-019-000710,2017-03-16,2026-03-06,good
711,19,SE-019-000711,2018-03-25,2025-12-02,fair
712,19,SE-019-000712,2017-03-17,2025-10-28,good
713,19,SE-019-000713,2016-02-28,2025-08-05,fair
714,19,SE-019-000714,2023-10-05,2026-04-20,good
715,19,SE-019-000715,2019-02-01,2025-07-28,good
716,19,SE-019-000716,2017-11-30,2026-02-13,good
717,19,SE-019-000717,2017-01-19,2025-06-19,good
718,19,SE-019-000718,2023-10-22,2026-03-04,poor
719,19,SE-019-000719,2025-01-24,2025-09-13,good
720,19,SE-019-000720,2025-09-28,2025-09-28,fair
721,19,SE-019-000721,2022-03-18,2025-11-12,poor
722,19,SE-019-000722,2016-05-01,2026-01-19,good
723,19,SE-019-000723,2019-06-06,2026-03-22,good
724,19,SE-019-000724,2017-07-19,2026-01-26,good
725,19,SE-019-000725,2024-02-04,2025-09-06,good
726,19,SE-019-000726,2020-11-13,2025-08-27,good
727,20,SE-020-000727,2023-05-12,2026-02-12,fair
728,20,SE-020-000728,2017-07-24,2025-07-16,fair
729,20,SE-020-000729,2016-11-29,2026-02-26,poor
730,20,SE-020-000730,2017-10-14,2025-08-03,good
731,20,SE-020-000731,2017-09-19,2025-11-30,poor
732,20,SE-020-000732,2016-04-30,2026-05-24,good
733,20,SE-020-000733,2025-10-04,2025-11-06,fair
734,20,SE-020-000734,2019-01-01,2025-07-12,fair
735,20,SE-020-000735,2018-02-14,2025-12-28,good
736,20,SE-020-000736,2019-06-14,2025-07-31,fair
737,20,SE-020-000737,2015-12-28,2025-08-20,good
738,20,SE-020-000738,2019-04-07,2025-12-12,fair
739,20,SE-020-000739,2016-01-16,2025-07-03,good
740,20,SE-020-000740,2016-10-17,2025-08-20,good
741,20,SE-020-000741,2018-03-07,2025-10-24,fair
742,20,SE-020-000742,2020-08-02,2025-08-25,fair
743,20,SE-020-000743,2018-04-05,2026-01-13,fair
744,20,SE-020-000744,2025-11-09,2026-01-09,fair
745,20,SE-020-000745,2016-09-30,2025-09-06,fair
746,20,SE-020-000746,2017-03-12,2025-09-17,good
747,20,SE-020-000747,2021-08-24,2026-01-26,good
748,20,SE-020-000748,2020-11-04,2025-09-07,fair
749,20,SE-020-000749,2025-08-15,2025-07-21,good
750,20,SE-020-000750,2018-04-29,2025-08-26,poor
751,20,SE-020-000751,2023-08-27,2025-11-20,fair
752,20,SE-020-000752,2017-12-18,2025-11-04,good
753,21,SE-021-000753,2019-04-02,2026-02-13,good
754,21,SE-021-000754,2016-01-31,2026-02-20,good
755,21,SE-021-000755,2019-02-20,2026-04-11,poor
756,21,SE-021-000756,2018-10-27,2025-10-22,fair
757,21,SE-021-000757,2016-06-02,2025-12-11,fair
758,21,SE-021-000758,2019-10-04,2025-08-10,good
759,21,SE-021-000759,2020-07-14,2026-05-18,poor
760,21,SE-021-000760,2016-11-19,2025-12-09,good
761,21,SE-021-000761,2019-08-20,2026-02-28,poor
762,21,SE-021-000762,2016-07-04,2025-09-15,good
763,21,SE-021-000763,2016-04-19,2025-10-12,good
764,21,SE-021-000764,2017-07-18,2025-10-21,good
765,21,SE-021-000765,2025-07-28,2025-12-24,good
766,21,SE-021-000766,2018-01-06,2026-01-31,good
767,21,SE-021-000767,2023-12-16,2025-09-13,good
768,21,SE-021-000768,2021-02-15,2025-10-08,good
769,21,SE-021-000769,2022-03-20,2025-07-17,fair
770,21,SE-021-000770,2017-08-21,2026-03-22,good
771,21,SE-021-000771,2024-02-19,2025-11-08,fair
772,21,SE-021-000772,2016-04-24,2025-07-13,good
773,21,SE-021-000773,2020-02-23,2025-12-15,good
774,21,SE-021-000774,2018-01-01,2026-05-08,fair
775,21,SE-021-000775,2019-01-12,2026-01-29,fair
776,21,SE-021-000776,2020-03-08,2025-12-09,good
777,21,SE-021-000777,2022-05-21,2025-06-21,good
778,21,SE-021-000778,2018-11-15,2025-11-30,poor
779,21,SE-021-000779,2024-03-12,2025-07-03,good
780,21,SE-021-000780,2016-01-18,2026-03-04,good
781,22,SE-022-000781,2025-02-11,2026-01-29,good
782,22,SE-022-000782,2018-03-30,2026-04-10,good
783,22,SE-022-000783,2019-07-08,2025-07-03,poor
784,22,SE-022-000784,2020-06-12,2025-09-20,good
785,22,SE-022-000785,2018-10-30,2026-01-11,poor
786,22,SE-022-000786,2025-10-06,2025-08-23,good
787,22,SE-022-000787,2019-05-30,2025-10-07,poor
788,22,SE-022-000788,2017-03-27,2025-07-01,fair
789,22,SE-022-000789,2025-07-23,2026-01-24,good
790,22,SE-022-000790,2019-11-04,2025-08-05,fair
791,22,SE-022-000791,2021-12-23,2026-03-27,good
792,22,SE-022-000792,2022-09-08,2025-11-28,poor
793,22,SE-022-000793,2023-06-18,2026-04-01,good
794,22,SE-022-000794,2019-01-11,2025-07-02,good
795,22,SE-022-000795,2016-09-02,2025-09-24,good
796,22,SE-022-000796,2023-01-05,2025-08-17,good
797,22,SE-022-000797,2018-04-07,2025-11-20,good
798,22,SE-022-000798,2025-03-16,2026-02-12,fair
799,22,SE-022-000799,2023-07-08,2026-03-12,fair
800,22,SE-022-000800,2024-08-01,2026-02-25,fair
801,22,SE-022-000801,2025-03-07,2026-05-13,fair
802,22,SE-022-000802,2016-11-07,2026-02-05,poor
803,22,SE-022-000803,2025-04-16,2026-03-17,fair
804,22,SE-022-000804,2019-02-17,2026-01-09,fair
805,22,SE-022-000805,2017-02-19,2025-07-26,fair
806,22,SE-022-000806,2019-03-03,2026-01-16,fair
807,22,SE-022-000807,2018-03-16,2026-05-10,good
808,22,SE-022-000808,2024-06-24,2025-06-26,good
809,22,SE-022-000809,2016-01-27,2025-12-18,good
810,22,SE-022-000810,2018-12-06,2025-10-20,good
811,22,SE-022-000811,2019-01-31,2025-09-17,fair
812,22,SE-022-000812,2021-02-18,2025-10-04,good
813,22,SE-022-000813,2017-07-28,2025-09-28,good
814,22,SE-022-000814,2025-05-23,2025-09-03,good
815,22,SE-022-000815,2024-07-30,2025-08-28,good
816,22,SE-022-000816,2019-07-03,2025-08-26,good
817,22,SE-022-000817,2017-12-09,2025-07-06,good
818,22,SE-022-000818,2016-01-30,2025-10-01,fair
819,23,SE-023-000819,2017-11-18,2026-03-12,fair
820,23,SE-023-000820,2025-01-18,2026-02-24,good
821,23,SE-023-000821,2025-01-09,2025-10-22,fair
822,23,SE-023-000822,2017-08-25,2025-11-22,good
823,23,SE-023-000823,2016-08-26,2026-01-29,poor
824,23,SE-023-000824,2018-08-23,2025-12-18,fair
825,23,SE-023-000825,2021-05-14,2025-09-02,good
826,23,SE-023-000826,2021-09-15,2026-01-09,fair
827,23,SE-023-000827,2019-08-05,2025-07-20,fair
828,23,SE-023-000828,2019-05-02,2025-08-18,poor
829,23,SE-023-000829,2017-09-20,2026-01-30,good
830,23,SE-023-000830,2020-09-18,2026-03-14,poor
831,23,SE-023-000831,2022-06-01,2026-03-13,poor
832,23,SE-023-000832,2022-09-02,2025-10-29,good
833,23,SE-023-000833,2017-12-09,2026-03-26,good
834,23,SE-023-000834,2016-08-29,2025-07-24,fair
835,23,SE-023-000835,2017-05-26,2025-07-11,good
836,23,SE-023-000836,2018-06-07,2025-10-27,good
837,23,SE-023-000837,2019-03-24,2025-07-23,good
838,23,SE-023-000838,2016-09-03,2025-08-10,good
839,23,SE-023-000839,2016-06-27,2026-03-20,fair
840,23,SE-023-000840,2016-04-21,2026-04-17,good
841,23,SE-023-000841,2016-08-02,2026-03-05,good
842,23,SE-023-000842,2017-10-16,2025-08-08,good
843,23,SE-023-000843,2016-03-09,2026-05-10,poor
844,23,SE-023-000844,2022-12-02,2025-08-28,fair
845,23,SE-023-000845,2024-03-04,2025-10-22,fair
846,23,SE-023-000846,2017-11-08,2025-10-06,poor
847,23,SE-023-000847,2025-07-19,2026-05-13,good
848,24,SE-024-000848,2024-03-08,2026-05-16,fair
849,24,SE-024-000849,2024-05-31,2026-02-04,good
850,24,SE-024-000850,2016-01-27,2025-06-21,fair
851,24,SE-024-000851,2018-12-25,2025-12-23,good
852,24,SE-024-000852,2022-03-11,2025-08-07,good
853,24,SE-024-000853,2017-09-09,2026-05-13,good
854,24,SE-024-000854,2017-05-03,2025-10-01,fair
855,24,SE-024-000855,2016-03-02,2025-12-20,good
856,24,SE-024-000856,2019-08-08,2026-02-03,good
857,24,SE-024-000857,2022-03-05,2026-04-06,good
858,24,SE-024-000858,2017-04-14,2025-08-10,good
859,24,SE-024-000859,2018-01-12,2026-02-17,good
860,24,SE-024-000860,2023-02-13,2026-03-26,poor
861,24,SE-024-000861,2018-02-12,2025-11-15,good
862,24,SE-024-000862,2021-05-29,2025-12-11,good
863,24,SE-024-000863,2024-03-31,2025-10-25,poor
864,24,SE-024-000864,2021-04-02,2026-02-16,fair
865,24,SE-024-000865,2016-11-30,2025-11-05,fair
866,24,SE-024-000866,2022-05-08,2026-03-21,poor
867,24,SE-024-000867,2020-04-13,2026-02-16,good
868,24,SE-024-000868,2017-05-24,2025-07-08,good
869,24,SE-024-000869,2017-03-06,2025-12-19,good
870,24,SE-024-000870,2020-07-13,2025-10-24,fair
871,24,SE-024-000871,2023-11-24,2026-05-12,good
872,24,SE-024-000872,2019-05-17,2025-07-19,good
873,24,SE-024-000873,2025-04-06,2025-08-14,fair
874,24,SE-024-000874,2021-05-24,2026-01-27,good
875,24,SE-024-000875,2017-04-17,2025-12-13,poor
876,24,SE-024-000876,2019-10-04,2025-12-19,fair
877,24,SE-024-000877,2017-06-01,2025-12-31,good
878,25,SE-025-000878,2019-08-08,2025-10-31,good
879,25,SE-025-000879,2017-02-25,2025-10-28,good
880,25,SE-025-000880,2022-04-04,2025-06-24,fair
881,25,SE-025-000881,2016-06-17,2025-09-17,good
882,25,SE-025-000882,2021-06-20,2025-10-11,fair
883,25,SE-025-000883,2019-11-06,2026-01-03,fair
884,25,SE-025-000884,2016-12-05,2026-04-16,good
885,25,SE-025-000885,2025-10-21,2025-09-16,fair
886,25,SE-025-000886,2021-07-11,2026-02-09,good
887,25,SE-025-000887,2017-12-30,2026-04-05,good
888,25,SE-025-000888,2020-01-09,2025-07-06,good
889,25,SE-025-000889,2020-05-06,2025-11-22,good
890,25,SE-025-000890,2024-02-09,2026-01-31,good
891,25,SE-025-000891,2023-10-07,2025-07-02,fair
892,25,SE-025-000892,2025-02-10,2025-12-18,good
893,25,SE-025-000893,2023-11-22,2025-12-17,good
894,25,SE-025-000894,2016-04-13,2026-01-07,good
895,25,SE-025-000895,2017-03-17,2025-08-25,good
896,25,SE-025-000896,2017-11-26,2026-01-22,poor
897,25,SE-025-000897,2017-02-11,2026-05-07,fair
898,25,SE-025-000898,2016-07-04,2026-04-15,fair
899,25,SE-025-000899,2017-09-23,2025-10-11,good
900,25,SE-025-000900,2018-05-25,2025-06-28,good
901,25,SE-025-000901,2016-09-13,2025-09-14,good
902,25,SE-025-000902,2021-10-14,2026-04-14,fair
903,25,SE-025-000903,2018-09-19,2026-04-17,fair
904,25,SE-025-000904,2020-08-09,2026-05-15,fair
905,25,SE-025-000905,2018-02-18,2026-04-26,poor
906,25,SE-025-000906,2018-04-18,2025-09-01,good
907,25,SE-025-000907,2020-01-03,2026-04-02,good
908,25,SE-025-000908,2018-12-14,2026-03-22,good
909,25,SE-025-000909,2019-04-20,2025-11-17,fair
910,25,SE-025-000910,2016-07-13,2026-01-28,fair
911,25,SE-025-000911,2017-05-01,2026-04-04,good
912,25,SE-025-000912,2024-09-18,2025-06-19,good
913,25,SE-025-000913,2017-11-14,2025-10-08,good
914,25,SE-025-000914,2022-02-07,2026-04-22,fair
915,25,SE-025-000915,2017-11-01,2025-10-01,good
916,25,SE-025-000916,2024-08-02,2026-05-10,good
917,25,SE-025-000917,2018-02-24,2026-01-02,fair
918,25,SE-025-000918,2022-02-02,2026-01-27,good
919,25,SE-025-000919,2017-05-16,2025-09-20,fair
920,25,SE-025-000920,2025-04-23,2025-07-14,fair
921,26,SE-026-000921,2023-12-29,2025-10-19,good
922,26,SE-026-000922,2024-01-24,2025-06-21,good
923,26,SE-026-000923,2017-04-29,2026-05-22,good
924,26,SE-026-000924,2019-10-16,2026-04-03,good
925,26,SE-026-000925,2023-04-06,2026-01-30,good
926,26,SE-026-000926,2025-02-16,2025-11-03,good
927,26,SE-026-000927,2016-12-18,2025-12-10,good
928,26,SE-026-000928,2017-06-24,2025-07-15,good
929,26,SE-026-000929,2016-11-08,2025-11-12,good
930,26,SE-026-000930,2023-08-11,2025-12-28,good
931,26,SE-026-000931,2019-10-03,2025-07-24,good
932,26,SE-026-000932,2024-03-20,2025-06-21,good
933,26,SE-026-000933,2022-12-26,2026-02-06,good
934,26,SE-026-000934,2022-10-27,2026-05-13,good
935,26,SE-026-000935,2019-07-12,2026-05-03,good
936,26,SE-026-000936,2017-05-06,2025-12-05,poor
937,26,SE-026-000937,2021-01-03,2025-12-09,good
938,26,SE-026-000938,2024-06-12,2025-11-13,good
939,26,SE-026-000939,2016-02-08,2025-08-07,good
940,26,SE-026-000940,2020-07-14,2026-04-13,good
941,26,SE-026-000941,2017-01-31,2026-04-29,good
942,26,SE-026-000942,2024-01-16,2026-04-03,good
943,26,SE-026-000943,2023-11-24,2025-07-24,good
944,26,SE-026-000944,2025-04-05,2025-12-16,fair
945,26,SE-026-000945,2019-01-09,2026-02-13,good
946,26,SE-026-000946,2021-07-21,2025-07-10,good
947,26,SE-026-000947,2020-04-22,2026-04-21,fair
948,26,SE-026-000948,2024-05-17,2025-09-23,fair
949,26,SE-026-000949,2017-03-11,2025-07-05,good
950,26,SE-026-000950,2016-07-22,2026-05-07,fair
951,26,SE-026-000951,2024-05-31,2026-02-28,good
952,27,SE-027-000952,2022-04-19,2025-12-13,fair
953,27,SE-027-000953,2016-06-21,2025-11-23,good
954,27,SE-027-000954,2021-02-13,2025-08-08,good
955,27,SE-027-000955,2024-01-24,2025-08-15,good
956,27,SE-027-000956,2017-12-13,2026-05-26,fair
957,27,SE-027-000957,2021-04-03,2025-08-08,good
958,27,SE-027-000958,2024-11-05,2026-03-30,fair
959,27,SE-027-000959,2019-01-27,2026-02-15,good
960,27,SE-027-000960,2019-03-19,2025-12-02,good
961,27,SE-027-000961,2016-07-19,2026-04-27,fair
962,27,SE-027-000962,2016-08-03,2025-11-07,fair
963,27,SE-027-000963,2024-10-16,2026-04-17,poor
964,27,SE-027-000964,2018-10-25,2025-07-29,poor
965,27,SE-027-000965,2017-03-20,2025-11-03,good
966,27,SE-027-000966,2020-06-02,2025-10-04,good
967,27,SE-027-000967,2017-11-18,2025-08-11,fair
968,27,SE-027-000968,2017-11-08,2026-03-23,good
969,27,SE-027-000969,2020-12-25,2026-01-07,good
970,27,SE-027-000970,2016-04-29,2025-09-30,fair
971,27,SE-027-000971,2025-06-09,2026-05-08,good
972,27,SE-027-000972,2017-07-15,2025-07-04,good
973,27,SE-027-000973,2021-07-11,2025-12-03,fair
974,27,SE-027-000974,2017-03-28,2025-10-31,good
975,27,SE-027-000975,2017-03-02,2025-11-17,good
976,27,SE-027-000976,2024-02-23,2025-09-05,good
977,27,SE-027-000977,2025-11-12,2026-03-10,fair
978,27,SE-027-000978,2023-06-02,2026-03-19,good
979,27,SE-027-000979,2017-02-17,2026-01-29,good
980,27,SE-027-000980,2016-12-17,2025-09-15,fair
981,27,SE-027-000981,2024-03-14,2025-10-04,good
982,27,SE-027-000982,2022-02-01,2025-08-19,good
983,27,SE-027-000983,2020-10-16,2025-10-30,good
984,28,SE-028-000984,2016-03-08,2025-08-09,good
985,28,SE-028-000985,2019-01-03,2025-11-29,fair
986,28,SE-028-000986,2018-07-15,2026-05-02,poor
987,28,SE-028-000987,2017-12-12,2025-07-15,fair
988,28,SE-028-000988,2018-08-17,2026-02-26,good
989,28,SE-028-000989,2024-02-12,2025-09-02,good
990,28,SE-028-000990,2016-06-25,2025-10-02,poor
991,28,SE-028-000991,2024-10-12,2026-02-21,good
992,28,SE-028-000992,2022-07-14,2026-01-22,fair
993,28,SE-028-000993,2018-11-21,2026-03-24,fair
994,28,SE-028-000994,2023-02-16,2025-11-19,good
995,28,SE-028-000995,2023-09-01,2025-10-19,good
996,28,SE-028-000996,2017-02-05,2025-11-25,good
997,28,SE-028-000997,2021-11-30,2025-12-23,good
998,28,SE-028-000998,2017-12-16,2025-11-28,good
999,28,SE-028-000999,2017-04-18,2026-02-10,good
1000,28,SE-028-001000,2021-12-07,2026-05-14,good
1001,28,SE-028-001001,2017-09-27,2025-07-30,fair
1002,28,SE-028-001002,2017-04-11,2025-11-05,poor
1003,28,SE-028-001003,2018-10-28,2025-10-24,good
1004,28,SE-028-001004,2018-10-22,2025-08-01,good
1005,28,SE-028-001005,2016-12-15,2025-12-01,fair
1006,28,SE-028-001006,2018-06-10,2026-03-09,good
1007,28,SE-028-001007,2023-03-02,2025-08-18,good
1008,28,SE-028-001008,2022-10-16,2026-02-11,poor
1009,28,SE-028-001009,2025-02-20,2026-05-24,good
1010,28,SE-028-001010,2019-08-26,2025-09-06,fair
1011,28,SE-028-001011,2021-10-14,2026-04-14,good
1012,28,SE-028-001012,2019-06-23,2025-10-04,good
1013,28,SE-028-001013,2017-03-19,2026-04-04,fair
1014,28,SE-028-001014,2017-05-13,2026-01-13,fair
1015,28,SE-028-001015,2016-10-20,2025-12-25,poor
1016,28,SE-028-001016,2022-06-04,2026-04-08,fair
1017,28,SE-028-001017,2016-10-05,2025-10-15,good
1018,28,SE-028-001018,2018-08-22,2025-08-18,good
1019,28,SE-028-001019,2019-02-14,2026-03-22,good
1020,28,SE-028-001020,2016-05-30,2025-07-31,good
1021,28,SE-028-001021,2017-10-06,2025-12-15,good
1022,28,SE-028-001022,2023-05-16,2026-02-23,good
1023,28,SE-028-001023,2022-04-09,2025-07-24,good
1024,28,SE-028-001024,2019-02-07,2025-07-30,poor
1025,28,SE-028-001025,2021-08-27,2026-05-20,good
1026,29,SE-029-001026,2025-09-05,2026-03-03,good
1027,29,SE-029-001027,2020-05-22,2025-10-02,good
1028,29,SE-029-001028,2024-03-08,2025-07-03,fair
1029,29,SE-029-001029,2018-03-16,2026-02-23,fair
1030,29,SE-029-001030,2019-03-16,2025-09-10,fair
1031,29,SE-029-001031,2019-10-31,2025-10-12,good
1032,29,SE-029-001032,2019-08-24,2025-12-11,fair
1033,29,SE-029-001033,2024-02-17,2025-12-02,good
1034,29,SE-029-001034,2020-07-21,2025-12-09,good
1035,29,SE-029-001035,2017-11-20,2025-12-21,fair
1036,29,SE-029-001036,2019-11-22,2025-12-05,good
1037,29,SE-029-001037,2017-11-13,2026-01-09,fair
1038,29,SE-029-001038,2019-03-24,2025-08-04,good
1039,29,SE-029-001039,2017-08-16,2026-01-22,poor
1040,29,SE-029-001040,2018-01-12,2026-02-17,fair
1041,29,SE-029-001041,2018-06-09,2026-01-27,good
1042,29,SE-029-001042,2023-02-08,2026-04-27,fair
1043,29,SE-029-001043,2020-01-17,2026-03-15,good
1044,29,SE-029-001044,2025-06-08,2025-09-04,good
1045,29,SE-029-001045,2022-08-12,2026-01-24,fair
1046,29,SE-029-001046,2025-07-02,2025-08-23,good
1047,29,SE-029-001047,2020-10-17,2026-05-08,poor
1048,29,SE-029-001048,2018-07-01,2026-01-17,good
1049,29,SE-029-001049,2025-07-06,2025-11-10,poor
1050,29,SE-029-001050,2019-01-11,2025-07-10,fair
1051,29,SE-029-001051,2023-07-03,2026-01-20,good
1052,29,SE-029-001052,2018-04-16,2025-06-26,good
1053,29,SE-029-001053,2018-04-04,2025-11-21,good
1054,29,SE-029-001054,2017-07-30,2025-08-19,fair
1055,29,SE-029-001055,2024-04-21,2025-11-10,poor
1056,29,SE-029-001056,2020-08-03,2026-05-28,good
1057,29,SE-029-001057,2016-12-06,2026-04-12,good
1058,29,SE-029-001058,2024-05-21,2025-07-16,good
1059,29,SE-029-001059,2016-10-22,2026-05-19,good
1060,29,SE-029-001060,2022-09-07,2025-12-27,fair
1061,29,SE-029-001061,2019-08-27,2025-12-21,good
1062,29,SE-029-001062,2025-04-03,2025-12-23,poor
1063,29,SE-029-001063,2018-02-04,2026-04-27,good
1064,29,SE-029-001064,2017-09-18,2026-01-30,good
1065,29,SE-029-001065,2020-03-03,2025-06-27,good
1066,29,SE-029-001066,2018-04-01,2026-02-15,good
1067,29,SE-029-001067,2018-08-14,2025-08-07,good
1068,30,SE-030-001068,2025-06-15,2025-11-26,good
1069,30,SE-030-001069,2018-11-29,2026-04-08,fair
1070,30,SE-030-001070,2019-06-02,2025-07-12,fair
1071,30,SE-030-001071,2016-11-26,2026-04-21,fair
1072,30,SE-030-001072,2023-11-14,2026-05-17,good
1073,30,SE-030-001073,2018-07-09,2025-10-27,poor
1074,30,SE-030-001074,2024-10-08,2025-10-07,good
1075,30,SE-030-001075,2023-06-01,2026-02-17,good
1076,30,SE-030-001076,2020-04-13,2026-03-25,good
1077,30,SE-030-001077,2018-12-23,2026-02-13,good
1078,30,SE-030-001078,2017-03-26,2026-03-20,good
1079,30,SE-030-001079,2024-07-27,2025-07-19,good
1080,30,SE-030-001080,2016-09-29,2025-11-21,good
1081,30,SE-030-001081,2017-09-20,2025-12-03,fair
1082,30,SE-030-001082,2025-09-08,2026-01-06,poor
1083,30,SE-030-001083,2022-03-26,2025-10-26,fair
1084,30,SE-030-001084,2017-06-15,2025-06-19,good
1085,30,SE-030-001085,2021-03-24,2025-10-24,fair
1086,30,SE-030-001086,2020-03-30,2026-04-06,poor
1087,30,SE-030-001087,2025-03-07,2026-02-10,good
1088,30,SE-030-001088,2018-10-23,2026-03-23,good
1089,30,SE-030-001089,2016-09-28,2026-01-17,fair
1090,30,SE-030-001090,2016-10-18,2026-05-20,good
1091,30,SE-030-001091,2024-09-27,2025-11-01,good
1092,30,SE-030-001092,2019-05-12,2026-01-25,good
1093,30,SE-030-001093,2017-09-27,2025-08-07,good
1094,30,SE-030-001094,2021-12-22,2025-07-16,good
1095,30,SE-030-001095,2019-02-09,2026-05-25,good
1096,30,SE-030-001096,2017-06-12,2025-10-27,good
1097,30,SE-030-001097,2018-05-01,2025-08-07,good
1098,30,SE-030-001098,2020-07-21,2026-02-22,good
1099,30,SE-030-001099,2016-12-03,2025-10-09,fair
1100,30,SE-030-001100,2019-01-02,2026-02-12,poor
1101,30,SE-030-001101,2018-08-20,2026-05-18,poor
1102,30,SE-030-001102,2018-09-14,2025-07-06,good
1103,30,SE-030-001103,2017-09-29,2025-12-19,good
1104,30,SE-030-001104,2023-01-30,2025-11-10,good
1105,30,SE-030-001105,2018-03-16,2026-01-22,good
1106,30,SE-030-001106,2016-09-14,2025-09-24,fair
1107,30,SE-030-001107,2024-03-23,2026-05-27,fair
1108,30,SE-030-001108,2016-08-12,2025-11-22,good
1109,30,SE-030-001109,2024-08-16,2026-05-19,good
1110,30,SE-030-001110,2025-09-17,2025-10-22,good
1111,31,SE-031-001111,2018-03-25,2025-11-28,poor
1112,31,SE-031-001112,2017-05-24,2025-11-14,good
1113,31,SE-031-001113,2022-11-20,2025-12-21,fair
1114,31,SE-031-001114,2021-02-25,2025-12-12,good
1115,31,SE-031-001115,2018-12-26,2026-01-06,good
1116,31,SE-031-001116,2022-03-17,2025-09-14,good
1117,31,SE-031-001117,2016-02-21,2026-04-03,good
1118,31,SE-031-001118,2018-03-05,2025-07-03,good
1119,31,SE-031-001119,2016-02-06,2026-03-22,good
1120,31,SE-031-001120,2022-01-02,2026-01-02,good
1121,31,SE-031-001121,2019-07-12,2025-09-29,good
1122,31,SE-031-001122,2021-09-13,2026-01-03,fair
1123,31,SE-031-001123,2018-02-15,2025-08-19,good
1124,31,SE-031-001124,2025-09-15,2026-04-10,good
1125,31,SE-031-001125,2017-07-25,2026-04-28,fair
1126,31,SE-031-001126,2020-08-27,2026-01-21,fair
1127,31,SE-031-001127,2018-12-17,2025-11-25,poor
1128,31,SE-031-001128,2016-10-10,2025-07-06,good
1129,31,SE-031-001129,2020-10-25,2025-08-12,fair
1130,31,SE-031-001130,2019-09-13,2025-09-25,good
1131,31,SE-031-001131,2021-03-15,2025-11-28,good
1132,31,SE-031-001132,2019-01-05,2025-08-04,fair
1133,31,SE-031-001133,2017-07-04,2026-04-04,good
1134,31,SE-031-001134,2017-05-31,2025-08-07,good
1135,31,SE-031-001135,2019-08-09,2025-07-17,good
1136,31,SE-031-001136,2021-10-13,2026-03-28,good
1137,31,SE-031-001137,2021-02-13,2026-01-19,good
1138,31,SE-031-001138,2025-07-06,2025-09-27,fair
1139,31,SE-031-001139,2021-05-15,2025-11-10,good
1140,31,SE-031-001140,2018-08-09,2025-08-03,fair
1141,31,SE-031-001141,2020-04-27,2025-10-29,good
1142,31,SE-031-001142,2018-06-29,2025-11-08,good
1143,31,SE-031-001143,2017-08-21,2025-08-21,fair
1144,31,SE-031-001144,2017-08-28,2025-07-10,fair
1145,31,SE-031-001145,2017-03-21,2025-12-02,good
1146,31,SE-031-001146,2022-06-16,2025-08-14,fair
1147,31,SE-031-001147,2023-08-01,2025-11-30,good
1148,31,SE-031-001148,2015-12-19,2026-05-04,good
1149,31,SE-031-001149,2018-08-18,2026-03-30,good
1150,32,SE-032-001150,2019-09-08,2025-09-15,good
1151,32,SE-032-001151,2022-10-01,2026-02-05,poor
1152,32,SE-032-001152,2024-01-05,2026-03-03,poor
1153,32,SE-032-001153,2018-09-16,2026-02-26,poor
1154,32,SE-032-001154,2018-10-26,2025-12-19,good
1155,32,SE-032-001155,2019-09-01,2025-10-29,good
1156,32,SE-032-001156,2016-05-31,2026-04-12,good
1157,32,SE-032-001157,2019-03-19,2026-03-15,good
1158,32,SE-032-001158,2017-02-20,2025-10-06,poor
1159,32,SE-032-001159,2023-03-30,2025-09-19,good
1160,32,SE-032-001160,2018-05-01,2025-08-05,good
1161,32,SE-032-001161,2021-05-07,2025-11-13,fair
1162,32,SE-032-001162,2017-03-31,2026-03-16,good
1163,32,SE-032-001163,2024-11-10,2026-01-07,good
1164,32,SE-032-001164,2016-12-26,2026-03-04,good
1165,32,SE-032-001165,2017-08-15,2025-09-10,fair
1166,32,SE-032-001166,2018-03-27,2025-10-20,good
1167,32,SE-032-001167,2020-05-17,2026-03-05,good
1168,32,SE-032-001168,2018-10-16,2026-05-25,good
1169,32,SE-032-001169,2019-01-01,2025-09-01,good
1170,32,SE-032-001170,2016-01-03,2025-12-08,good
1171,32,SE-032-001171,2019-01-09,2025-10-27,fair
1172,32,SE-032-001172,2017-03-01,2025-11-06,good
1173,32,SE-032-001173,2025-08-19,2025-10-22,fair
1174,32,SE-032-001174,2017-02-28,2026-05-25,fair
1175,32,SE-032-001175,2020-02-18,2026-05-24,poor
1176,32,SE-032-001176,2017-01-01,2026-05-13,fair
1177,32,SE-032-001177,2018-07-03,2025-07-25,poor
1178,32,SE-032-001178,2017-07-01,2025-07-15,fair
1179,32,SE-032-001179,2023-06-14,2026-01-12,fair
1180,32,SE-032-001180,2016-06-07,2025-08-15,poor
1181,32,SE-032-001181,2016-07-24,2025-11-15,good
1182,32,SE-032-001182,2016-12-09,2026-01-27,good
1183,32,SE-032-001183,2020-05-15,2026-05-04,good
1184,32,SE-032-001184,2024-04-23,2025-09-30,fair
1185,32,SE-032-001185,2018-08-18,2026-04-13,fair
1186,32,SE-032-001186,2025-05-25,2025-08-05,fair
1187,32,SE-032-001187,2018-02-28,2025-10-20,good
1188,32,SE-032-001188,2020-04-24,2025-11-02,good
1189,32,SE-032-001189,2020-12-15,2025-09-10,good
1190,33,SE-033-001190,2022-02-17,2025-09-08,fair
1191,33,SE-033-001191,2016-10-16,2025-06-23,fair
1192,33,SE-033-001192,2019-11-22,2026-01-12,good
1193,33,SE-033-001193,2025-08-12,2026-04-06,good
1194,33,SE-033-001194,2016-01-21,2026-04-07,good
1195,33,SE-033-001195,2022-07-18,2026-04-09,good
1196,33,SE-033-001196,2017-01-22,2026-05-23,good
1197,33,SE-033-001197,2019-03-12,2025-11-26,good
1198,33,SE-033-001198,2016-11-06,2025-07-28,good
1199,33,SE-033-001199,2017-03-27,2026-04-08,good
1200,33,SE-033-001200,2024-04-15,2026-05-06,good
1201,33,SE-033-001201,2023-08-12,2025-12-10,fair
1202,33,SE-033-001202,2019-11-04,2025-10-05,good
1203,33,SE-033-001203,2020-12-13,2025-11-15,good
1204,33,SE-033-001204,2018-10-22,2026-05-04,good
1205,33,SE-033-001205,2017-11-26,2025-10-11,good
1206,33,SE-033-001206,2019-06-16,2026-02-23,poor
1207,33,SE-033-001207,2018-12-14,2025-08-20,poor
1208,33,SE-033-001208,2017-08-19,2025-12-11,good
1209,33,SE-033-001209,2018-12-15,2025-10-24,good
1210,33,SE-033-001210,2023-08-22,2026-01-09,good
1211,33,SE-033-001211,2017-04-06,2025-12-28,good
1212,33,SE-033-001212,2021-06-25,2026-03-21,fair
1213,34,SE-034-001213,2021-04-12,2025-09-23,good
1214,34,SE-034-001214,2023-03-17,2025-12-26,fair
1215,34,SE-034-001215,2016-11-20,2026-03-28,poor
1216,34,SE-034-001216,2019-05-03,2025-08-16,good
1217,34,SE-034-001217,2025-05-12,2025-12-24,fair
1218,34,SE-034-001218,2017-03-07,2025-07-01,good
1219,34,SE-034-001219,2024-05-12,2025-08-19,good
1220,34,SE-034-001220,2025-04-22,2025-09-05,fair
1221,34,SE-034-001221,2016-09-20,2026-02-12,fair
1222,34,SE-034-001222,2022-04-03,2025-08-21,good
1223,34,SE-034-001223,2017-02-25,2026-05-21,fair
1224,34,SE-034-001224,2019-10-11,2025-09-21,good
1225,34,SE-034-001225,2022-06-19,2025-09-12,good
1226,34,SE-034-001226,2018-02-11,2025-07-14,fair
1227,34,SE-034-001227,2018-09-20,2025-11-23,good
1228,34,SE-034-001228,2019-04-16,2026-02-28,good
1229,34,SE-034-001229,2019-01-24,2026-03-31,fair
1230,34,SE-034-001230,2015-11-29,2026-04-30,good
1231,35,SE-035-001231,2018-05-30,2026-05-02,good
1232,35,SE-035-001232,2019-01-19,2026-04-15,good
1233,35,SE-035-001233,2016-02-23,2026-01-14,good
1234,35,SE-035-001234,2016-02-05,2025-12-15,good
1235,35,SE-035-001235,2017-08-17,2025-11-15,good
1236,35,SE-035-001236,2021-12-23,2025-07-04,poor
1237,35,SE-035-001237,2022-09-16,2025-12-06,poor
1238,35,SE-035-001238,2019-11-28,2026-01-04,poor
1239,35,SE-035-001239,2022-11-03,2026-04-08,good
1240,35,SE-035-001240,2016-01-02,2026-03-27,good
1241,35,SE-035-001241,2016-06-03,2025-07-27,good
1242,35,SE-035-001242,2024-03-20,2026-03-22,poor
1243,35,SE-035-001243,2018-10-16,2026-02-03,good
1244,35,SE-035-001244,2017-08-19,2025-09-20,poor
1245,35,SE-035-001245,2016-07-25,2025-12-14,good
1246,35,SE-035-001246,2024-03-18,2025-10-03,poor
1247,35,SE-035-001247,2016-05-01,2026-03-27,good
1248,35,SE-035-001248,2018-07-14,2025-12-30,fair
1249,35,SE-035-001249,2022-10-13,2025-08-07,good
1250,35,SE-035-001250,2018-10-06,2026-05-04,good
1251,35,SE-035-001251,2017-09-05,2025-09-04,good
1252,35,SE-035-001252,2018-07-11,2026-04-24,fair
1253,36,SE-036-001253,2021-07-23,2025-10-17,fair
1254,36,SE-036-001254,2024-11-21,2025-10-15,fair
1255,36,SE-036-001255,2017-07-27,2026-04-13,poor
1256,36,SE-036-001256,2025-02-05,2025-07-02,good
1257,36,SE-036-001257,2018-03-30,2026-05-22,poor
1258,36,SE-036-001258,2022-04-10,2025-09-30,fair
1259,36,SE-036-001259,2017-12-29,2025-07-25,good
1260,36,SE-036-001260,2016-03-04,2025-09-06,fair
1261,36,SE-036-001261,2016-11-06,2025-08-10,fair
1262,36,SE-036-001262,2019-07-15,2025-12-03,fair
1263,36,SE-036-001263,2016-05-10,2026-04-20,poor
1264,36,SE-036-001264,2018-09-26,2025-11-08,good
1265,36,SE-036-001265,2017-04-29,2026-04-17,good
1266,36,SE-036-001266,2022-03-16,2026-04-16,fair
1267,36,SE-036-001267,2019-02-24,2025-12-31,fair
1268,36,SE-036-001268,2023-11-19,2025-07-29,good
1269,36,SE-036-001269,2022-06-19,2025-09-02,good
1270,36,SE-036-001270,2019-08-04,2025-10-10,fair
1271,36,SE-036-001271,2025-08-23,2025-09-04,fair
1272,36,SE-036-001272,2017-07-08,2025-10-25,good
1273,36,SE-036-001273,2021-07-15,2026-04-11,good
